dataset;model;n_runs;seeds;f1_mean;f1_std;acc_mean;train_time_mean;train_time_median;infer_time_mean;infer_time_median;fit_tfidf_mean;fit_clf_mean;pred_time_mean;model_size_mean;feat_dim_mean
imdb;logreg;3;101,102,103;0.898251;0.000686;0.898253;14.321441;14.067267;0.015453;0.015263;13.567002;0.754439;0.015453;4751237.333333;100000.0
imdb;nb;3;101,102,103;0.872208;0.000739;0.872253;14.110809;13.513811;0.031022;0.026385;14.073215;0.037594;0.031022;7151137.0;100000.0
imdb;rf;3;101,102,103;0.862714;0.000638;0.862733;70.994651;70.087145;2.202133;2.221928;12.382788;58.611863;2.202133;462310330.333333;200000.0
imdb;svm;3;101,102,103;0.904493;0.001007;0.904493;14.546308;14.690997;0.014895;0.014847;14.054393;0.491915;0.014895;4751077.333333;100000.0
sms;logreg;3;101,102,103;0.972395;0.010672;0.987145;0.2045;0.202539;0.000342;0.000329;0.192131;0.012368;0.000342;504464.0;10934.333333
sms;nb;3;101,102,103;0.975974;0.00407;0.989238;0.175848;0.173587;0.000742;0.000404;0.173527;0.00232;0.000742;766790.333333;10934.333333
sms;rf;3;101,102,103;0.963361;0.007518;0.983857;1.429454;1.394132;0.12818;0.124769;0.118996;1.310458;0.12818;35929818.333333;6603.333333
sms;svm;3;101,102,103;0.976107;0.010763;0.989238;0.208248;0.209994;0.000456;0.00034;0.200541;0.007707;0.000456;504304.0;10934.333333
